{"cameraMode":{"drawMode":0,"name":"Shaded","section":"Shading Mode"},"sceneLighting":false,"audioPlay":false,"sceneViewState":{"showFog":false,"showMaterialUpdate":false,"showSkybox":false,"showFlares":false,"showImageEffects":false,"showParticleSystems":false},"in2DMode":false,"pivot":{"x":2.619666337966919,"y":-1.647050142288208,"z":0.674103319644928},"rotation":{"x":-0.19140121340751649,"y":-0.10893340408802033,"z":0.02160492166876793,"w":-0.9753130674362183},"size":6.173206329345703,"orthographic":false}