{"cameraMode":{"drawMode":0,"name":"Shaded","section":"Shading Mode"},"sceneLighting":false,"audioPlay":false,"sceneViewState":{"showFog":false,"showMaterialUpdate":false,"showSkybox":false,"showFlares":false,"showImageEffects":false,"showParticleSystems":false},"in2DMode":false,"pivot":{"x":7.819891929626465,"y":4.3048834800720219,"z":19.883760452270509},"rotation":{"x":0.0005950982449576259,"y":-0.9993533492088318,"z":0.010794093832373619,"w":0.03715186566114426},"size":1.1022707223892213,"orthographic":false}