{"cameraMode":{"drawMode":0,"name":"Shaded","section":"Shading Mode"},"sceneLighting":true,"audioPlay":false,"sceneViewState":{"showFog":false,"showMaterialUpdate":false,"showSkybox":false,"showFlares":false,"showImageEffects":false,"showParticleSystems":false},"in2DMode":false,"pivot":{"x":-46.065887451171878,"y":-43.61384582519531,"z":149.10302734375},"rotation":{"x":0.15305213630199433,"y":-0.1818787306547165,"z":0.028531556949019433,"w":0.9710281491279602},"size":80.89061737060547,"orthographic":false}