{"cameraMode":{"drawMode":0,"name":"Shaded","section":"Shading Mode"},"sceneLighting":true,"audioPlay":false,"sceneViewState":{"showFog":false,"showMaterialUpdate":false,"showSkybox":false,"showFlares":false,"showImageEffects":false,"showParticleSystems":false},"in2DMode":false,"pivot":{"x":17.77877426147461,"y":8.097003936767579,"z":20.727622985839845},"rotation":{"x":0.18895414471626283,"y":-0.5119349956512451,"z":0.11648254841566086,"w":0.8300050497055054},"size":3.6345770359039308,"orthographic":false}