{"cameraMode":{"drawMode":0,"name":"Shaded","section":"Shading Mode"},"sceneLighting":true,"audioPlay":false,"sceneViewState":{"showFog":false,"showMaterialUpdate":false,"showSkybox":false,"showFlares":false,"showImageEffects":false,"showParticleSystems":false},"in2DMode":false,"pivot":{"x":5.510733604431152,"y":4.361907958984375,"z":44.45024108886719},"rotation":{"x":0.013211115263402462,"y":0.49934831261634829,"z":-0.0077359494753181938,"w":0.8664047122001648},"size":3.6345770359039308,"orthographic":false}