{"cameraMode":{"drawMode":0,"name":"Shaded","section":"Shading Mode"},"sceneLighting":true,"audioPlay":false,"sceneViewState":{"showFog":false,"showMaterialUpdate":false,"showSkybox":false,"showFlares":false,"showImageEffects":false,"showParticleSystems":false},"in2DMode":false,"pivot":{"x":17.00501823425293,"y":8.739776611328125,"z":16.16609001159668},"rotation":{"x":0.10807647556066513,"y":-0.7745064496994019,"z":0.13754509389400483,"w":0.6081113219261169},"size":3.6345770359039308,"orthographic":false}