{"cameraMode":{"drawMode":0,"name":"Shaded","section":"Shading Mode"},"sceneLighting":false,"audioPlay":false,"sceneViewState":{"showFog":false,"showMaterialUpdate":false,"showSkybox":false,"showFlares":false,"showImageEffects":false,"showParticleSystems":false},"in2DMode":false,"pivot":{"x":8.520000457763672,"y":4.389999866485596,"z":18.799999237060548},"rotation":{"x":-0.014342538081109524,"y":-0.2046738862991333,"z":-0.003196501638740301,"w":0.978823721408844},"size":1.1022707223892213,"orthographic":false}